year,cohortIndex,mineral,fast,slow,root,vol,cumVol,inputYrs,omPackingDensity,mineralPackingDensity,nonRootVol,age_from_surface,calendar_age,unsupported_pb210_ideal_Bq_kg,supported_pb210_Bq_kg,total_pb210_ideal_Bq_kg,cs137_influx_Bq_m2_yr,cs137_ideal_Bq_kg,unsupported_pb210_actual_Bq_kg,total_pb210_actual_Bq_kg,cs137_actual_Bq_kg
2018,1,0.002862608585321753,0.04634941478503272,0.04634941478503272,0,0.9288967014242022,0,1,0.1,1.5,0,1,2017,154.54190696937016,19.8,174.34190696937017,0.1132719996,0.11718042697945369,327.8431283060982,347.6431283060982,2.2353370400975776
2018,2,0.004876499367339346,0.0010993855782841784,0.09117162687452562,0.005182721312557291,1,1,3.9038516852390304,0.1,1.4999999999999998,0.9259611241063243,4.90385168523903,2013.096148314761,522.1816010887806,19.8,541.9816010887805,0.1132719996,0.40389797211631884,320.33144019950356,340.1314401995036,2.9800571175454564
2018,3,0.004007519009877272,0.0012772916817522613,0.09124016391692753,0.005050763527129866,1,2,3.799056660972223,0.1,1.5,0.9278462353267162,8.702908346211252,2009.2970916537888,453.91902863133254,19.8,473.71902863133255,0.1132719996,0.362400745596347,311.06387632846844,330.86387632846845,3.9985280781081802
2018,4,0.0033706328183677795,0.0012457816650993945,0.09150181463154144,0.004919386394160904,1,3,3.7113140447038795,0.10000000000000002,1.5000000000000002,0.9297230515119868,12.414222390915132,2005.585777609085,396.4656984072006,19.8,416.2656984072006,0.11327199959999999,0.32646145634897555,300.00644042136474,319.80644042136475,5.377673353199802
2018,5,0.002900807236776025,0.0012140598790943812,0.09175143486860535,0.004788782672227318,1,4,3.6308982549390487,0.1,1.4999999999999998,0.9315888189681814,16.04512064585418,2001.954879354146,347.17550434631505,19.8,366.97550434631506,0.1132719996,0.2946389513480666,287.1969573207968,306.9969573207968,7.220317542408657
2018,6,0.0025586165286091158,0.0011825456428552587,0.09199087307073428,0.0046592047958188805,1,5,3.5571165247140693,0.09999999999999999,1.4999999999999998,0.9334399314883016,19.602237170568248,1998.397762829432,304.8100006984898,19.8,324.6100006984898,0.24686526560799676,0.5806931369714696,272.7597787798011,292.5597787798011,9.639907676404627
2018,7,0.0023147854967647016,0.0011512979624798655,0.09222168946066087,0.004530885480619157,1,6,3.4893516888646214,0.10000000000000002,1.5,0.9352730645625836,23.091588859432868,1994.9084111405673,268.311899158695,19.8,288.111899158695,0.17280698610080641,0.3683363075858589,256.9133419698674,276.71334196986743,12.749192637679272
2018,8,0.002140986449345085,0.0011176633344563024,0.09246396101467683,0.004392950254637422,1,7,3.4220896038916977,0.10000000000000002,1.5,0.9372435677908945,26.513678463324567,1991.4863215366756,236.4645817700287,19.8,256.2645817700287,0.23785400427985318,0.4596893844751215,239.96657635230312,259.7665763523031,16.641561953774737
2018,9,0.0020455324289639695,0.0010860018121192244,0.09268722427473677,0.004263283559182468,1,8,3.363726135988579,0.1,1.5000000000000002,0.9390959491545359,29.877404599313145,1988.122595400687,209.1347805082747,19.8,228.9347805082747,3.447733611251928,6.059930075027831,222.30170897354668,242.1017089735467,21.365323039388628
2018,10,0.0019998447501809787,0.0010552312567549413,0.09290085013718052,0.004137416935903383,1,9,3.3109281159528328,0.1,1.5,0.9408940437728086,33.18833271526598,1984.8116672847343,185.4582999536783,19.8,205.25829995367832,5.276949525652173,8.453912711623154,204.34407090991576,224.14407090991577,26.893787327105496
2018,11,0.0019964033156548364,0.0010214845472819177,0.09313177438825201,0.0039995532570623535,1,10,3.2573068274110133,0.09999999999999999,1.4999999999999998,0.9428635248991092,36.44563954267699,1981.5543604573234,164.57894767768764,19.8,184.37894767768765,6.740255952100142,9.84487243813008,186.52326957351073,206.32326957351074,33.09707749183537
2018,12,0.002032866454176328,9.89861413145475e-4,0.09334527590457731,0.0038705367763992088,1,11,3.2109380270629493,0.10000000000000002,1.5000000000000002,0.9447066174800118,39.656577569739945,1978.3434224302605,146.52126117207376,19.8,166.32126117207378,13.797845563234622,18.425669176294228,169.23308606706513,189.03308606706514,39.72390990342743
2018,13,0.002099841674904959,9.587162222727253e-4,0.09355327005541422,0.003743616994123611,1,12,3.1683761278846756,0.1,1.5,0.946519757226806,42.82495369762462,1975.175046302376,130.7202875573516,19.8,150.52028755735162,24.298164520817902,29.718076839159192,152.79822601788072,172.59822601788073,46.401896003552295
2018,14,0.002214206442115554,9.244360518278134e-4,0.09377922989110053,0.0036041042059847474,1,13,3.125285352270487,0.1,1.5,0.9485127970573605,45.95023904989511,1972.0497609501053,116.6810503999463,19.8,136.4810503999463,34.5307056292446,38.68565703679706,137.45407022429052,157.25407022429053,52.662267987146265
2018,15,0.0023723410701554145,8.948330002506609e-4,0.09397019712960408,0.0034837696591611448,1,14,3.090951540292635,0.1,1.5000000000000004,0.9502318620119843,49.041190590187746,1968.9588094098126,104.5186178138431,19.8,124.31861781384309,54.11639018080982,55.71445850127004,123.34166360991357,143.14166360991356,57.989555873843734
2018,16,0.0026577864004520826,8.593842502051996e-4,0.09419221402605515,0.0033398511745966865,1,15,3.0531595179626034,0.1,1.5,0.9522878403629048,52.09435010815035,1965.90564989185,93.49269161812761,19.8,113.2926916181276,54.69491041178305,51.65859896476886,110.51605870951886,130.31605870951887,61.88998360474322
2018,17,0.002968846009955785,8.299524239762581e-4,0.09437139949768922,0.003220507507702863,1,16,3.0243580770802194,0.1,1.5,0.9539927498899585,55.118708185230574,1962.8812918147698,83.9436556564521,19.8,103.74365565645209,213.6949180691316,185.8032720266229,98.96337728880853,118.76337728880853,63.96629457641658
2018,18,0.003415765560276958,7.948175300684362e-4,0.09458002809229038,0.0030782056715360317,1,17,2.9927299499335573,0.10000000000000002,1.5000000000000002,0.9560256332637725,58.11143813516413,1959.8885618648362,75.26275892793042,19.8,95.06275892793042,300.81530257729037,240.37915643957427,88.62123401338876,108.42123401338876,63.9834193214809
2018,19,0.0038459611381651553,7.652938328051599e-4,0.09475148956023546,0.0029587734384237748,1,18,2.968369804119065,0.1,1.5000000000000002,0.9577318080225162,61.07980793928319,1956.9201920607172,67.71522774487764,19.8,87.51522774487763,164.56217436908298,121.24901947493068,79.3981311136565,99.1981311136565,61.910166293401126
2018,20,0.00441027220400666,7.296953926462322e-4,0.09495494986937465,0.002814935613731759,1,19,2.9414124335973897,0.10000000000000002,1.5000000000000002,0.9597866340895465,64.02122037288058,1953.9787796271198,60.836385968880435,19.8,80.63638596888043,68.26584844795197,46.30014846918806,71.18920061681787,90.98920061681787,57.9270311448173
2018,21,0.004893487834555513,7.004619619134359e-4,0.0951205138100635,0.0026969541940034276,1,20,2.921215830604203,0.1,1.5,0.9614720829428064,66.94243620348477,1951.0575637965155,54.86673856921678,19.8,74.66673856921678,90.86352322010731,56.93551930353514,63.887400112399014,83.68740011239902,52.398032153435786
2018,22,0.005534412620446772,6.645421725251331e-4,0.09532055904517918,0.002552156558652811,1,21,2.898957454125883,0.1,1.5,0.9635406205906744,69.84139365761065,1948.1586063423897,49.40381723123925,19.8,69.20381723123926,21.14806460131625,12.221065456770846,57.390481475618905,77.19048147561891,45.81294938217665
2018,23,0.006151904717234916,6.346046577402672e-4,0.09548153397448297,0.002431614070639512,1,22,2.882388214806615,0.1,1.4999999999999998,0.9652626561337223,72.72378187241726,1945.276218127583,44.61279630915337,19.8,64.41279630915336,5.28000279329464,2.8215990382405627,51.60465272770432,71.40465272770432,38.71296824899257
2018,24,0.006953325531506353,6.002853443113488e-4,0.09565960946017743,0.002293585112054315,1,23,2.8654898425824378,0.10000000000000002,1.5,0.9672344983992253,75.5892717149997,1942.4107282850005,40.23449553346697,19.8,60.034495533466966,11.397739251288463,5.624488019994046,46.445977453191645,66.24597745319164,31.615616819422957
2018,25,0.007775000585206448,5.683861223060272e-4,0.09581980434234424,0.00216543331410179,1,24,2.85161684921555,0.10000000000000002,1.4999999999999998,0.9690652383699736,78.44088856421524,1939.5591114357849,36.337747968317316,19.8,56.13774796831731,0.1132719996,0.051683893549173986,41.84040987080604,61.64040987080604,24.953438117372233
2018,26,0.008639684226722672,5.36285183319281e-4,0.09597828550095025,0.0020366152570975055,1,25,2.839471811825972,0.1,1.5,0.970905496327177,81.28036037604122,1936.719639623959,32.840536873022465,19.8,52.64053687302247,0.1132719996,0.047815626816298015,37.72312013053137,57.52312013053137,19.035890290215352
2018,27,0.009586353650995184,5.018616940644968e-4,0.09614671977822384,0.0018986297990183608,1,26,2.8282710255459156,0.09999999999999999,1.4999999999999998,0.9728767171568802,84.10863140158713,1933.891368598413,29.679926510758587,19.8,49.47992651075859,0.1132719996,0.04423266287725958,34.037529364890595,53.8375293648906,14.03737390137597
2018,28,0.010433065023327786,4.7187881618759484e-4,0.09629176185983204,0.0017785751590309136,1,27,2.819914731391193,0.10000000000000002,1.5000000000000002,0.9745917834424148,86.92854613297833,1931.0714538670218,26.88530794536104,19.8,46.68530794536104,0.1132719996,0.041009161222728414,30.734292426243428,50.534292426243425,10.008150456984223
2018,29,0.01145852200502152,4.356656657737156e-4,0.09646652551179916,0.0016337351487979088,1,28,2.8114819417457593,0.10000000000000002,1.5,0.9766609264457429,89.74002807472408,1928.259971925276,24.321486257235353,19.8,44.121486257235354,0.1132719996,0.03796746606139184,27.77034457486499,47.57034457486499,6.900832661961888
2018,30,0.012336499391480807,4.049533799094973e-4,0.09661399578012048,0.001511032283043175,1,29,2.8061116505121046,0.10000000000000002,1.5,0.9784138245279534,92.54613972523619,1925.4538602747639,22.061888982076994,19.8,41.86188898207699,0.11327199959999999,0.03524479939504744,25.10805560818641,44.908055608186416,4.603740142089257
2018,31,0.013385881824554505,3.7185587752025946e-4,0.09676583992038106,0.0013789384563231235,1,30,2.8021673859939122,0.09999999999999999,1.4999999999999998,0.9803008791953828,95.3483071112301,1922.65169288877,19.997143305518836,19.8,39.79714330551884,0.11327199960000002,0.03269147047614279,22.7144960710348,42.5144960710348,2.9734189897003045
2018,32,0.014593718126367759,3.3783256820534946e-4,0.09691311824064623,0.0012432942545733902,1,31,2.7998118303989803,0.09999999999999999,1.5000000000000002,0.9822386535060944,98.14811894162908,1919.851881058371,18.115269303415925,19.8,37.915269303415926,0.11327199959999999,0.03030498821730543,20.560802665088115,40.360802665088116,1.8610993793628259
2018,33,0.01575633629471422,3.0757068117468747e-4,0.0970380487117956,0.001122770731167393,1,32,2.799083016587235,0.1,1.4999999999999998,0.983960418126179,100.94720195821631,1917.0527980417837,16.429625114800224,19.8,36.22962511480023,0.1132719996,0.028125109750420357,18.62162506172814,38.421625061728136,1.1307393556491143
2018,34,0.0172322307343274,2.709916232066093e-4,0.09718412982997765,9.772442151691676e-4,1,33,2.799755318157342,0.1,1.5,0.9860393683547275,103.74695727637365,1914.2530427236263,14.870714068710797,19.8,34.670714068710794,0.11327199960000002,0.0260492652426587,16.87463841862875,36.674638418628746,0.6687276160765022
2018,35,0.01849494773183713,2.4022507016319762e-4,0.09730538934896063,8.549723457941859e-4,1,34,2.801473855175032,0.1,1.4999999999999998,0.9877861093457962,106.54843113154868,1911.4515688684512,13.490403146463223,19.8,33.29040314646322,0.1132719996,0.024181870307100742,15.300111289563018,35.10011128956302,0.38685640637624436
2018,36,0.019834719084876842,2.0692386778050048e-4,0.09743824742704688,7.227598696599206e-4,1,35,2.804336122026775,0.1,1.4999999999999998,0.9896748590048583,109.35276725357545,1908.6472327464244,12.235797112847086,19.8,32.035797112847085,0.1132719996,0.022444330676188527,13.88052458725884,33.680524587258844,0.22078666811580847
2018,37,0.021127891187694703,1.7276351521765336e-4,0.09757974635096915,5.872748382435363e-4,1,36,2.8083192383370017,0.09999999999999999,1.4999999999999998,0.9916103594536646,112.16108649191246,1905.8389135080874,11.106374528072271,19.8,30.90637452807227,0.1132719996,0.020848187787479475,12.600241796498603,32.400241796498605,0.1261309066610595
2018,38,0.022214133690370147,1.424014252915654e-4,0.09770955151930419,4.6697336656585165e-4,1,37,2.8133166362805753,0.1,1.5,0.9933289519062043,114.97440312819303,1903.0255968718068,10.101241164084675,19.8,29.901241164084674,0.1132719996,0.01940476236749385,11.4452325043569,31.2452325043569,0.07378911634930375
2018,39,0.023221636436453825,1.0542633269480537e-4,0.09788843497006391,3.2062072103452574e-4,1,38,2.8223101174487892,0.1,1.5,0.9954197039852231,117.79671324564183,1900.203286754358,9.203505420319955,19.8,29.003505420319954,0.1132719996,0.01809461111926952,10.402850229680498,30.2028502296805,0.04557067872714714
2018,40,0.023876306119465805,7.486311070952846e-5,0.0980479965652903,1.9977060789159627e-4,1,39,2.831641887113838,0.09999999999999999,1.4999999999999998,0.9971461341729756,120.62835513275566,1897.3716448672442,8.407990072903035,19.8,28.207990072903037,0.11327199959999999,0.016919334188163854,9.461662158658587,29.261662158658588,0.03060525530926404
2018,41,0.02460174279373972,4.067895314151371e-5,0.09822037129190442,6.91834980931332e-5,1,40,2.8430463585221974,0.1,1.5,0.9990116643129524,123.47140149127786,1894.528598508722,7.68010878227906,19.8,27.48010878227906,0.1132719996,0.015819417076476584,8.611324075354103,28.411324075354102,0.022670337729524634
2018,42,0.025258160294812163,1.0180924202172712e-5,0.09830398207159363,1.371755851545448e-6,1,41,2.852472048543575,0.1,1.5,0.9999804034878327,126.32387353982143,1891.6761264601785,7.013410242830711,19.8,26.813410242830713,0.1132719996,0.014788415946113425,7.842490066960341,27.64249006696034,0.018348044218022407
2018,43,0.02579369110090393,2.472875337012625e-7,0.09828017330573927,0,1,42,2.858163743573588,0.1,1.5,0.9999999999999989,129.18203728339503,1888.8179627166048,6.402101061180696,19.8,26.2021010611807,0.11327199959999999,0.0138201072247605,7.14674471423067,26.94674471423067,0.01583409259555345
2018,44,0.02628657996234943,9.556989867004284e-11,0.09824756124027338,0,1,43,2.863082377754932,0.09999999999999999,1.5000000000000002,0.9999999999999992,132.04511966114995,1885.95488033885,5.843495427486458,19.8,25.643495427486457,0.11327199960000002,0.012914483728969962,6.516545979795312,26.316545979795315,0.014211508032254152
2018,45,0.026588144148198364,6.13807706982087e-13,0.09822745705617296,0,1,44,2.8660055255291508,0.1,1.5,1,134.9111251866791,1883.088874813321,5.336945631427865,19.8,25.136945631427864,0.1132719996,0.012076099070132478,5.945169608082552,25.745169608082552,0.013030580074092598
2018,46,0.026792950173910066,8.426428197096154e-16,0.09821380332173842,0,1,45,2.8683561178659875,0.1,1.5000000000000002,0.9999999999999993,137.7794813045451,1880.220518695455,4.876472070096911,19.8,24.676472070096914,0.1132719996,0.01129740298450905,5.426649653440769,25.22664965344077,0.012077653399267831
2018,47,0.026874435835107367,1.2815566037731002e-18,0.09820837094432613,0,1,46,2.8698422612468315,0.10000000000000002,1.5000000000000002,0.9999999999999994,140.64932356579195,1877.3506764342083,4.458224929156162,19.8,24.258224929156164,0.1132719996,0.010575008785361224,4.955713607288136,24.755713607288136,0.011253680141696405
2018,48,0.02690343167450497,4.481312246005054e-21,0.09820643788836636,0,1,47,2.870843908234485,0.09999999999999999,1.5,1.0000000000000004,143.52016747402644,1874.4798325259737,4.0765998035790485,19.8,23.876599803579047,0.1132719996,0.009900729290682623,4.527713501457082,24.327713501457083,0.010513218116183823
2018,49,0.02686832706271861,2.3543422795484747e-24,0.09820877819581848,0,1,48,2.8711338856671054,0.10000000000000002,1.5000000000000002,0.9999999999999971,146.39130135969353,1871.6086986403066,3.72842462766112,19.8,23.52842462766112,0.1132719996,0.009271439314653285,4.138555770647344,23.938555770647344,0.009835078091073415
2018,50,0.02676649478170724,1.1257676346405882e-26,0.09821556701455264,0,1,49,2.8707079373089517,0.1,1.4999999999999998,0.9999999999999979,149.2620092970025,1868.7379907029976,3.410841931885368,19.8,23.21084193188537,0.1132719996,0.0086843208613795915,3.784632562202195,23.584632562202195,0.009208765985797613
2018,51,0.02657831563021058,3.924759166889083e-30,0.09822811229131904,0,1,50,2.869447303313893,0.09999999999999999,1.4999999999999998,0.9999999999999976,152.1314566003164,1865.8685433996839,3.1215007391367093,19.8,22.92150073913671,0.1132719996,0.008137429002054613,3.462756058507709,23.26275605850771,0.008628450555733434
2018,52,0.026346402098718805,2.2170007892225834e-32,0.09824357319341849,0,1,51,2.867661403396663,0.09999999999999999,1.5,0.9999999999999976,154.99911800371305,1863.0008819962873,2.85725755483318,19.8,22.65725755483318,0.1132719996,0.007626359035364737,3.170095963535441,22.970095963535442,0.008090355525397374
2018,53,0.025966355358928644,6.297560165651645e-36,0.09826890964273836,0,1,52,2.86455963386077,0.09999999999999998,1.4999999999999998,1.0000000000000029,157.86367763757383,1860.1363223624264,2.6172974188235254,19.8,22.417297418823527,0.1132719996,0.007152475108714462,2.904119349501593,22.704119349501592,0.007591637553946837
2018,54,0.025579151638250475,3.7966297912285107e-38,0.09829472322411696,0,1,53,2.8613609916535587,0.1,1.5,1.000000000000003,160.72503862922738,1857.2749613707729,2.397790403814301,19.8,22.197790403814302,0.1132719996,0.006708704629445292,2.6625320900375846,22.462532090037584,0.0071298763279544
2018,55,0.025047565872630413,1.0576785524541686e-40,0.09833016227515777,0,1,54,2.857004428388959,0.1,1.5,0.9999999999999979,163.58204305761635,1854.4179569423839,2.1984760011131463,19.8,21.998476001113147,0.11327199960000002,0.006297380291744106,2.4432222609748036,22.243222260974804,0.0067028043992185884
2018,56,0.024480344781823017,5.921874980529494e-44,0.09836797701454508,0,1,55,2.852421551708568,0.1,1.5000000000000002,0.9999999999999996,166.43446460932492,1851.5655353906752,2.0164244218750196,19.8,21.81642442187502,0.1132719996,0.005913095952830517,2.2442078471587186,22.04420784715872,0.006308132266977717
2018,57,0.023841577347097943,2.594150151199404e-46,0.09841056151019352,0,1,56,2.847368116506231,0.1,1.5,1.0000000000000004,169.28183272583115,1848.718167274169,1.8504603746359691,19.8,21.65046037463597,0.1132719996,0.005555080649718057,2.0635931277949116,21.863593127794914,0.005943425080136584
2018,58,0.02302200535841285,1.08007943724869e-49,0.09846519964277228,0,1,57,2.841746613169116,0.1,1.5,0.9999999999999981,172.12357933900026,1845.8764206609999,1.7004933517646132,19.8,21.500493351764614,0.1132719996,0.005225695298761463,1.8995392921701038,21.699539292170105,0.005606029696440045
2018,59,0.021889790276725444,7.405211326537902e-52,0.09854068064821858,0,1,58,2.837691831512682,0.1,1.5,1.0000000000000029,174.96127117051293,1843.0387288294871,1.567625162476699,19.8,21.3676251624767,0.1132719996,0.004931199656097994,1.7502543426952548,21.550254342695254,0.00529306437971024
2018,60,0.02019713410798532,6.947216442203565e-55,0.09865352439280074,0,1,59,2.8297354225087545,0.09999999999999999,1.5,0.9999999999999978,177.79100659302168,1840.2089934069784,1.4498795293821238,19.8,21.249879529382124,0.1132719996,0.004668337287382401,1.6140048169665668,21.414004816966568,0.005001480725410976
2018,61,0.01761406884822254,2.1244632773663788e-57,0.09882572874345173,0,1,60,2.824464002025303,0.09999999999999999,1.5,0.999999999999999,180.615470595047,1837.3845294049531,1.3523419924553786,19.8,21.15234199245538,0.11327199959999999,0.004456696365587863,1.4891476588551633,21.289147658855164,0.004728195090336852
2018,62,0.017966782709945252,7.875971934039244e-60,0.09880221448600367,0,1,61,3.112800182624217,0.09999999999999999,1.4999999999999998,1.0000000000000002,183.7282707776712,1834.271729222329,1.354725892635371,19.8,21.154725892635373,0.11327199959999999,0.0045747306742309,1.3741757596147754,21.174175759614776,0.00447027044480955
2018,63,0.018225022628121708,3.8908030589247234e-62,0.09878499849145854,0,1,62,3.157541040096466,0.1,1.5,0.9999999999999998,186.8858118177677,1831.1141881822325,1.243500594548133,19.8,21.043500594548135,0.1132719996,0.004308776447328353,1.2677667639498098,21.06776676394981,0.004225114969076497
2018,64,0.018225022628121708,3.8908030589247234e-62,0.09878499849145854,0,1,63,3.157541040096466,0.1,1.5,0.9999999999999998,190.04335285786416,1827.956647142136,1.1267563656299269,19.8,20.926756365629927,0.1132719996,0.004006950719432712,1.1688230880277781,20.96882308802778,0.00399065611772716
2018,65,0.018225022628121708,3.8908030589247234e-62,0.09878499849145854,0,1,64,3.157541040096466,0.1,1.5,0.9999999999999998,193.20089389796064,1824.7991061020396,1.0209724973625098,19.8,20.82097249736251,0.1132719996,0.003726267599220077,1.0764924867308743,20.876492486730875,0.0037654514450759353
2018,66,0.018225022628121708,3.8908030589247234e-62,0.09878499849145854,0,1,65,3.157541040096466,0.1,1.5,0.9999999999999998,196.35843493805712,1821.641565061943,0.9251199923666413,19.8,20.725119992366643,0.1132719996,0.003465246066955184,0.9901627338267993,20.7901627338268,0.0035487102031646475
2018,67,0.018225022628121708,3.8908030589247234e-62,0.09878499849145854,0,1,66,3.157541040096466,0.1,1.5,0.9999999999999998,199.5159759781536,1818.4840240218466,0.8382664591723946,19.8,20.638266459172396,0.1132719996,0.003222508846938855,0.9094299149532807,20.709429914953283,0.003340219351932136
2018,68,0.018225022628121708,3.8908030589247234e-62,0.09878499849145854,0,1,67,3.157541040096466,0.1,1.5,0.9999999999999998,202.67351701825007,1815.3264829817501,0.7595670425149814,19.8,20.55956704251498,0.1132719996,0.0029967751403362024,0.8340458216566093,20.63404582165661,0.00314018882271933
2018,69,0.018225022628121708,3.8908030589247234e-62,0.09878499849145854,0,1,68,3.157541040096466,0.1,1.5,0.9999999999999998,205.83105805834654,1812.1689419416537,0.6882562051266683,19.8,20.488256205126667,0.1132719996,0.0027868538670633098,0.763854361003968,20.56385436100397,0.0029490480342175655
2018,70,0.018225022628121708,3.8908030589247234e-62,0.09878499849145854,0,1,69,3.157541040096466,0.1,1.5,0.9999999999999998,208.98859909844302,1809.0114009015572,0.6236402810829207,19.8,20.42364028108292,0.1132719996,0.002591637381073016,0.6987287041468174,20.498728704146817,0.00276723462236343
2018,71,0.018225022628121708,3.8908030589247234e-62,0.09878499849145854,0,1,70,3.157541040096466,0.1,1.5,0.9999999999999998,212.1461401385395,1805.8538598614607,0.5650907282668077,19.8,20.365090728266807,0.1132719996,0.002410095625879621,0.6385198573935191,20.43851985739352,0.0025950154806761187
2018,72,0.018225022628121708,3.8908030589247234e-62,0.09878499849145854,0,1,71,3.157541040096466,0.1,1.5,0.9999999999999998,215.30368117863597,1802.6963188213642,0.5120380143159068,19.8,20.312038014315906,0.1132719996,0.0022412706994831087,0.5830240013614618,20.383024001361463,0.002432370529460378
2018,73,0.018225022628121708,3.8908030589247234e-62,0.09878499849145854,0,1,72,3.157541040096466,0.1,1.5,0.9999999999999998,218.46122221873244,1799.5387777812678,0.46396607657804406,19.8,20.263966076578043,0.1132719996,0.002084271800015461,0.5319713662731677,20.33197136627317,0.002278954169268781
2018,74,0.018850777853406137,3.128347100433757e-62,0.0987432814764396,0,1,73,3.2659550511628552,0.1,1.4999999999999998,1,221.7271772698953,1796.272822730105,0.43196281847466844,19.8,20.23196281847467,0.1132719996,0.001992408888452367,0.4850348002673379,20.28503480026734,0.002134132155325237
2018,75,0.021418243584114306,2.9134323727743937e-97,0.09857211709439243,0,1,74,3.7107763597105423,0.1,1.5000000000000002,1.0000000000000004,225.43795362960583,1792.5620463703945,0.43141254834387605,19.8,20.231412548343876,0.1132719996,0.0020476573417747604,0.44185257736896777,20.24185257736897,0.001997076644861034
2018,76,0.021418243584114306,2.9134323727743937e-97,0.09857211709439243,0,1,75,3.7107763597105423,0.1,1.5000000000000002,1.0000000000000004,229.14872998931637,1788.851270010684,0.38421558232551595,19.8,20.184215582325518,0.1132719996,0.0018801442889135943,0.4020580391365246,20.202058039136524,0.0018668925054299654
2018,77,0.021418243584114306,2.9134323727743937e-97,0.09857211709439243,0,1,76,3.7107763597105423,0.1,1.5000000000000002,1.0000000000000004,232.8595063490269,1785.1404936509734,0.3421820117853136,19.8,20.142182011785316,0.1132719996,0.001726335004894199,0.36530856292188085,20.165308562921883,0.0017427452189576226
2018,78,0.021418243584114306,2.9134323727743937e-97,0.09857211709439243,0,1,77,3.7107763597105423,0.1,1.5000000000000002,1.0000000000000004,236.57028270873744,1781.429717291263,0.3047469560728136,19.8,20.104746956072816,0.1132719996,0.0015851084231653214,0.3313078522479206,20.13130785224792,0.001623964704741276
2018,79,0.021418243584114306,2.9134323727743937e-97,0.09857211709439243,0,1,78,3.7107763597105423,0.1,1.5000000000000002,1.0000000000000004,240.28105906844797,1777.7189409315524,0.27140733304798303,19.8,20.071407333047983,0.1132719996,0.0014554351884578846,0.2998180686034617,20.09981806860346,0.0015101083322142676
2018,80,0.021418243584114306,2.9134323727743937e-97,0.09857211709439243,0,1,79,3.7107763597105423,0.1,1.5000000000000002,1.0000000000000004,243.9918354281585,1774.008164571842,0.24171509826210918,19.8,20.04171509826211,0.1132719996,0.0013363701541446527,0.27066112547204746,20.07066112547205,0.0014009774749237996
2018,81,0.021418243584114306,2.9134323727743937e-97,0.09857211709439243,0,1,80,3.7107763597105423,0.1,1.5000000000000002,1.0000000000000004,247.70261178786905,1770.2973882121314,0.21527122377909969,19.8,20.015271223779102,0.1132719996,0.0012270454933694694,0.24371084489525838,20.04371084489526,0.0012965921741956174
2018,82,0.021418243584114306,2.9134323727743937e-97,0.09857211709439243,0,1,81,3.7107763597105423,0.1,1.5000000000000002,1.0000000000000004,251.41338814757958,1766.586611852421,0.1917203357197803,19.8,19.99172033571978,0.1132719996,0.0011266643737356146,0.21887915992712179,20.018879159927124,0.0011971355613930354
2018,83,0.021418243584114306,2.9134323727743937e-97,0.09857211709439243,0,1,82,3.7107763597105423,0.1,1.5000000000000002,1.0000000000000004,255.12416450729012,1762.8758354927104,0.17074593846422964,19.8,19.97074593846423,0.1132719996,0.001034495149449883,0.1960999839048949,19.996099983904895,0.001102882664208328
2018,84,0.021418243584114306,2.9134323727743937e-97,0.09857211709439243,0,1,83,3.7107763597105423,0.1,1.5000000000000002,1.0000000000000004,258.8349408670007,1759.1650591329999,0.15206616133116904,19.8,19.95206616133117,0.1132719996,9.498660285911148e-4,0.17531392131115914,19.97531392131116,0.0010141274889572892
2018,85,0.020551001093325895,1.699847351496902e-97,0.09862993326044499,0,1,84,3.5605239396035557,0.1,1.5,1.0000000000000004,262.39546480660425,1755.6045351933963,0.13113025983642745,19.8,19.93113025983643,0.1132719996,8.439659321226153e-4,0.1564560225815884,19.956456022581587,9.311191385123939e-4
2018,86,0.019336269677540582,8.557208386302021e-128,0.09871091535483068,0,1,85,3.350067997995109,0.1,1.4999999999999998,1.0000000000000004,265.74553280459935,1752.254467195401,0.11181874809315624,19.8,19.911818748093157,0.1132719996,7.404362808210424e-4,0.13944768005226998,19.93944768005227,8.540137327992998e-4
2018,87,0.019336269677540582,8.557208386302021e-128,0.09871091535483068,0,1,86,3.350067997995109,0.1,1.4999999999999998,1.0000000000000004,269.09560080259445,1748.9043991974058,0.10071357220190737,19.8,19.90071357220191,0.1132719996,6.855270902556921e-4,0.1241928195959209,19.924192819595923,7.828452124731879e-4
2018,88,0.019336269677540582,8.557208386302021e-128,0.09871091535483068,0,1,87,3.350067997995109,0.1,1.4999999999999998,1.0000000000000004,272.44566880058954,1745.5543311994106,0.09071129661744046,19.8,19.89071129661744,0.1132719996,6.34689849278232e-4,0.11057789822442175,19.91057789822442,7.175152523530248e-4
2018,89,0.019336269677540582,8.557208386302021e-128,0.09871091535483068,0,1,88,3.350067997995109,0.1,1.4999999999999998,1.0000000000000004,275.79573679858464,1742.2042632014154,0.0817023878124469,19.8,19.881702387812446,0.1132719996,5.876225907083633e-4,0.09847486666427833,19.89847486666428,6.57800469540534e-4
2018,90,0.019336269677540582,8.557208386302021e-128,0.09871091535483068,0,1,89,3.350067997995109,0.1,1.4999999999999998,1.0000000000000004,279.14580479657974,1738.8541952034202,0.07358819048092043,19.8,19.87358819048092,0.1132719996,5.440457406140755e-4,0.08774611745620621,19.887746117456206,6.033736255079727e-4
2018,91,0.019336269677540582,8.557208386302021e-128,0.09871091535483068,0,1,90,3.350067997995109,0.1,1.4999999999999998,1.0000000000000004,282.49587279457484,1735.504127205425,0.06627984717762728,19.8,19.866279847177626,0.1132719996,5.037004576755896e-4,0.07825042832053208,19.878250428320534,5.53834403455031e-4
2018,92,0.019336269677540582,8.557208386302021e-128,0.09871091535483068,0,1,91,3.350067997995109,0.1,1.4999999999999998,1.0000000000000004,285.84594079256993,1732.1540592074298,0.05969732525259791,19.8,19.859697325252597,0.1132719996,4.663470956986564e-4,0.06984897734889167,19.86984897734889,5.087446133357237e-4
2018,93,0.019336269677540582,8.557208386302021e-128,0.09871091535483068,0,1,92,3.350067997995109,0.1,1.4999999999999998,1.0000000000000004,289.19600879056503,1728.8039912094346,0.05376854042471914,19.8,19.85376854042472,0.1132719996,4.3176378014458846e-4,0.06241063839624659,19.86241063839625,4.676625173031027e-4
2018,94,0.019336269677540582,8.557208386302021e-128,0.09871091535483068,0,1,93,3.350067997995109,0.1,1.4999999999999998,1.0000000000000004,292.54607678856013,1725.4539232114394,0.04842856739680887,19.8,19.84842856739681,0.1132719996,3.997450902218227e-4,0.05581596433985402,19.855815964339854,4.3017155319454966e-4
2018,95,0.019336269677540582,8.557208386302021e-128,0.09871091535483068,0,1,94,3.350067997995109,0.1,1.4999999999999998,1.0000000000000004,295.8961447865552,1722.1038552134441,0.043618928867725754,19.8,19.843618928867727,0.1132719996,3.7010083871079043e-4,0.049959524933953406,19.849959524933954,3.959000761840218e-4
2018,96,0.019336269677540582,8.557208386302021e-128,0.09871091535483068,0,1,95,3.350067997995109,0.1,1.4999999999999998,1.0000000000000004,299.2462127845503,1718.753787215449,0.03928695515558557,19.8,19.839286955155586,0.1132719996,3.426549422743943e-4,0.04475055450846395,19.844750554508465,3.6453062488122175e-4
2018,97,0.01849034403224622,4.4797665828921484e-128,0.09876731039785028,0,1,96,3.203508786717887,0.09999999999999999,1.4999999999999998,1.0000000000000002,302.4497215712682,1715.550278428731,0.03414170456238485,19.8,19.834141704562384,0.1132719996,3.0591687990907213e-4,0.04011213445030105,19.8401121344503,3.357992544188644e-4
2018,98,0.017560950157333752,1.0244368938772382e-162,0.09882926998951105,0,1,97,3.0424884487830397,0.1,1.5,0.9999999999999997,305.49221002005123,1712.507789979948,0.02963108862657159,19.8,19.829631088626574,0.1132719996,2.72412242544229e-4,0.035979335832350245,19.835979335832352,3.094872160098964e-4
2018,99,0.017560950157333752,1.0244368938772382e-162,0.09882926998951105,0,1,98,3.0424884487830397,0.1,1.5,0.9999999999999997,308.5346984688343,1709.465301531165,0.026945840420907502,19.8,19.82694584042091,0.1132719996,2.5400127386034804e-4,0.03229684348042647,19.832296843480428,2.8540833465781027e-4
2018,100,0.017560950157333752,1.0244368938772382e-162,0.09882926998951105,0,1,99,3.0424884487830397,0.1,1.5,0.9999999999999997,311.5771869176173,1706.4228130823822,0.024503936562691942,19.8,19.824503936562692,0.1132719996,2.3683460963471102e-4,0.029016565177581884,19.829016565177582,2.6339566604038016e-4
2018,101,0.017560950157333752,1.0244368938772382e-162,0.09882926998951105,0,1,100,3.0424884487830397,0.1,1.5,0.9999999999999997,314.6196753664004,1703.3803246335992,0.022283324538749677,19.8,19.822283324538752,0.1132719996,2.2082815360865708e-4,0.026095617172746843,19.826095617172747,2.4329044644351373e-4
2018,102,0.017560950157333752,1.0244368938772382e-162,0.09882926998951105,0,1,101,3.0424884487830397,0.1,1.5,0.9999999999999997,317.6621638151834,1700.3378361848163,0.020263950293408498,19.8,19.82026395029341,0.1132719996,2.059034931652187e-4,0.023494908502850218,19.823494908502852,2.2493522442370399e-4
2018,103,0.017560950157333752,1.0244368938772382e-162,0.09882926998951105,0,1,102,3.0424884487830397,0.1,1.5,0.9999999999999997,320.70465226396647,1697.2953477360334,0.01842757712295923,19.8,19.81842757712296,0.1132719996,1.9198751520049212e-4,0.021178368435000722,19.821178368435003,2.081717254285708e-4
2018,104,0.017560950157333752,1.0244368938772382e-162,0.09882926998951105,0,1,103,3.0424884487830397,0.1,1.5,0.9999999999999997,323.7471407127495,1694.2528592872504,0.016757620982374204,19.8,19.816757620982376,0.1132719996,1.790120479562922e-4,0.01911271481538918,19.81911271481539,1.9284279812307667e-4
2018,105,0.017560950157333752,1.0244368938772382e-162,0.09882926998951105,0,1,104,3.0424884487830397,0.1,1.5,0.9999999999999997,326.78962916153256,1691.2103708384675,0.015239000716976045,19.8,19.81523900071698,0.1132719996,1.6691352705950748e-4,0.017267572368894826,19.817267572368895,1.7879697958973927e-4
2018,106,0.017560950157333752,1.0244368938772382e-162,0.09882926998951105,0,1,105,3.0424884487830397,0.1,1.5,0.9999999999999997,329.8321176103156,1688.1678823896846,0.013858001866509347,19.8,19.81385800186651,0.1132719996,1.5563268413223302e-4,0.015615725987467147,19.815615725987467,1.6589390816720487e-4
2018,107,0.017560950157333752,1.0244368938772382e-162,0.09882926998951105,0,1,106,3.0424884487830397,0.1,1.5,0.9999999999999997,332.87460605909865,1685.1253939409016,0.012602152811650193,19.8,19.81260215281165,0.1132719996,1.4511425644709802e-4,0.01413332468128167,19.814133324681283,1.5400897434849264e-4
2018,108,0.017560950157333752,1.0244368938772382e-162,0.09882926998951105,0,1,107,3.0424884487830397,0.1,1.5,0.9999999999999997,335.9170945078817,1682.0829054921187,0.011460112144448744,19.8,19.81146011214445,0.1132719996,1.353067162055877e-4,0.012799916428562357,19.812799916428563,1.4303609342055737e-4
2018,109,0.017560950157333752,1.0244368938772382e-162,0.09882926998951105,0,1,108,3.0424884487830397,0.1,1.5,0.9999999999999997,338.95958295666475,1679.0404170433358,0.010421566245564885,19.8,19.810421566245566,0.1132719996,1.2616201811304552e-4,0.011598269196112499,19.811598269196114,1.3288812437355676e-4
2018,110,0.017205569807978542,6.870292306038671e-163,0.09885296201280139,0,1,109,2.980917713819922,0.10000000000000002,1.5,0.9999999999999994,341.94050067048465,1676.0594993295158,0.009320699189723594,19.8,19.809320699189723,0.11327199959999999,1.156650968967777e-4,0.010513999277043582,19.810513999277045,1.2349507426081475e-4
2018,111,0.016481944607470198,2.879553106141132e-185,0.09890120369283528,0,1,110,2.855547429520384,0.1,1.5,0.9999999999999997,344.796048100005,1673.2039518999954,0.008198580932438327,19.8,19.80819858093244,0.1132719996,1.0421250536646277e-4,0.009535072599108489,19.809535072599108,1.1480068868794769e-4
2018,112,0.016481944607470198,2.879553106141132e-185,0.09890120369283528,0,1,111,2.855547429520384,0.1,1.5,0.9999999999999997,347.65159552952537,1670.348404470475,0.007499248032742008,19.8,19.80749924803274,0.1132719996,9.758800090882327e-5,0.00865126360170991,19.80865126360171,1.0675827158402156e-4
2018,113,0.016481944607470198,2.879553106141132e-185,0.09890120369283528,0,1,112,2.855547429520384,0.1,1.5,0.9999999999999997,350.5071429590457,1667.4928570409547,0.006859567713001771,19.8,19.806859567713,0.1132719996,9.138459811412318e-5,0.007853651987812672,19.807853651987813,9.9326593597224e-5
2018,114,0.016481944607470198,2.879553106141132e-185,0.09890120369283528,0,1,113,2.855547429520384,0.1,1.5,0.9999999999999997,353.3626903885661,1664.6373096114344,0.006274451652194506,19.8,19.806274451652197,0.1132719996,8.557552869930014e-5,0.007134216630748057,19.80713421663075,9.246657805564479e-5
2018,115,0.016481944607470198,2.879553106141132e-185,0.09890120369283528,0,1,114,2.855547429520384,0.1,1.5,0.9999999999999997,356.21823781808644,1661.781762181914,0.005739245559323927,19.8,19.805739245559323,0.1132719996,8.01357259679462e-5,0.006485556495874147,19.806485556495875,8.613916721705444e-5
2018,116,0.016481944607470198,2.879553106141132e-185,0.09890120369283528,0,1,115,2.855547429520384,0.1,1.5,0.9999999999999997,359.0737852476068,1658.9262147523937,0.005249692150978472,19.8,19.80524969215098,0.1132719996,7.50417166451285e-5,0.0059007388258096255,19.80590073882581,8.030445315556984e-5
2018,117,0.016481944607470198,2.879553106141132e-185,0.09890120369283528,0,1,116,2.855547429520384,0.1,1.5,0.9999999999999997,361.92933267712715,1656.0706673228733,0.004801897286878132,19.8,19.80480189728688,0.1132719996,7.027151958790801e-5,0.005373251557190699,19.805373251557192,7.492188445948739e-5
2018,118,0.016481944607470198,2.879553106141132e-185,0.09890120369283528,0,1,117,2.855547429520384,0.1,1.5,0.9999999999999997,364.7848801066475,1653.215119893353,0.004392298994033456,19.8,19.804392298994035,0.1132719996,6.580455093459408e-5,0.004897023786705111,19.804897023786705,6.995118596039092e-5
2018,119,0.016481944607470198,2.879553106141132e-185,0.09890120369283528,0,1,118,2.855547429520384,0.1,1.5,0.9999999999999997,367.64042753616786,1650.3595724638326,0.0040176391331204495,19.8,19.80401763913312,0.1132719996,6.162153528338826e-5,0.004466475775584507,19.804466475775584,6.535357425531052e-5
2018,120,0.016481944607470198,2.879553106141132e-185,0.09890120369283528,0,1,119,2.855547429520384,0.1,1.5,0.9999999999999997,370.4959749656882,1647.5040250343122,0.003674937481694177,19.8,19.803674937481695,0.1132719996,5.770442251716118e-5,0.004076566433407991,19.80407656643341,6.109290309436031e-5
2018,121,0.016481944607470198,2.879553106141132e-185,0.09890120369283528,0,1,120,2.855547429520384,0.1,1.5,0.9999999999999997,373.3515223952086,1644.6484776047919,0.0033614680280833133,19.8,19.803361468028083,0.1132719996,5.403630991545213e-5,0.0037228177205021577,19.8037228177205,5.713649182675532e-5
2018,122,0.016481944607470198,2.879553106141132e-185,0.09890120369283528,0,1,121,2.855547429520384,0.1,1.5,0.9999999999999997,376.20706982472893,1641.7929301752715,0.0030747372873993458,19.8,19.8030747372874,0.1132719996,5.060136921758925e-5,0.003401307879112772,19.803401307879113,5.3455530486389146e-5
2018,123,0.016481944607470198,2.879553106141132e-185,0.09890120369283528,0,1,122,2.855547429520384,0.1,1.5,0.9999999999999997,379.0626172542493,1638.9373827457512,0.002812464467173327,19.8,19.802812464467173,0.1132719996,4.738477832222696e-5,0.0031086356248922163,19.80310863562489,5.002507691483781e-5
2018,124,0.01646732243882498,1.9618361006848523e-185,0.09890217850407831,0,1,123,2.853014093977566,0.1,1.5,0.9999999999999998,381.91563134822684,1636.0843686517735,0.0025706852436305026,19.8,19.80257068524363,0.1132719996,4.433981347276736e-5,0.0028418637000146877,19.802841863700014,4.6823741076084994e-5
2018,125,0.01643646878289653,2.539798312160993e-187,0.09890423541447359,0,1,124,2.8476686035044425,0.1,1.5,1.0000000000000002,384.76329995173126,1633.236700048269,0.0023479667154017642,19.8,19.802347966715402,0.1132719996,4.145874033160669e-5,0.002598452356401948,19.802598452356403,4.3833184209898676e-5
2018,126,0.01643646878289653,2.539798312160993e-187,0.09890423541447359,0,1,125,2.8476686035044425,0.1,1.5,1.0000000000000002,387.6109685552357,1630.3890314447647,0.0021482152830008135,19.8,19.802148215283,0.1132719996,3.88303573223746e-5,0.0023761923495570912,19.80237619234956,4.1037554401697124e-5
2018,127,0.01643646878289653,2.539798312160993e-187,0.09890423541447359,0,1,126,2.8476686035044425,0.1,1.5,1.0000000000000002,390.4586371587401,1627.5413628412603,0.001965457547522685,19.8,19.801965457547524,0.1132719996,3.636860738467052e-5,0.0021731442841951476,19.802173144284197,3.8422950863569386e-5
2018,128,0.01643646878289653,2.539798312160993e-187,0.09890423541447359,0,1,127,2.8476686035044425,0.1,1.5,1.0000000000000002,393.3063057622445,1624.6936942377558,0.001798247783489194,19.8,19.80179824778349,0.1132719996,3.406292638822058e-5,0.0019875879681275615,19.801987587968128,3.5976972026686134e-5
2018,129,0.01643646878289653,2.539798312160993e-187,0.09890423541447359,0,1,128,2.8476686035044425,0.1,1.5,1.0000000000000002,396.1539743657489,1621.8460256342514,0.001645263259386916,19.8,19.80164526325939,0.1132719996,3.1903419942838556e-5,0.0018179826943554383,19.801817982694356,3.3688368613069234e-5
2018,130,0.01643646878289653,2.539798312160993e-187,0.09890423541447359,0,1,129,2.8476686035044425,0.1,1.5,1.0000000000000002,399.00164296925334,1618.998357030747,0.0015052937740516496,19.8,19.801505293774053,0.1132719996,2.988082093853905e-5,0.0016629374992431969,19.801662937499245,3.1546798047054566e-5
2018,131,0.01643646878289653,2.539798312160993e-187,0.09890423541447359,0,1,130,2.8476686035044425,0.1,1.5,1.0000000000000002,401.84931157275776,1616.1506884272426,0.0013772320832369477,19.8,19.801377232083237,0.1132719996,2.7986449777509843e-5,0.0015211894757649915,19.801521189475764,2.9542662275181682e-5
2018,132,0.01643646878289653,2.539798312160993e-187,0.09890423541447359,0,1,131,2.8476686035044425,0.1,1.5,1.0000000000000002,404.6969801762622,1613.3030198237382,0.0012600651406348723,19.8,19.801260065140635,0.1132719996,2.621217712726526e-5,0.001391587975960454,19.80139158797596,2.7667005862050006e-5
2018,133,0.01643646878289653,2.539798312160993e-187,0.09890423541447359,0,1,132,2.8476686035044425,0.1,1.5,1.0000000000000002,407.5446487797666,1610.4553512202338,0.0011528660840599998,19.8,19.80115286608406,0.1132719996,2.455038903517113e-5,0.0012730827603861475,19.801273082760385,2.5911452440998935e-5
2018,134,0.01643646878289653,2.539798312160993e-187,0.09890423541447359,0,1,133,2.8476686035044425,0.1,1.5,1.0000000000000002,410.392317383271,1607.6076826167293,0.0010547869034026203,19.8,19.801054786903403,0.1132719996,2.2993954254615605e-5,0.0011647146039164965,19.801164714603917,2.4268162374175146e-5
2018,135,0.01643646878289653,2.539798312160993e-187,0.09890423541447359,0,1,134,2.8476686035044425,0.1,1.5,1.0000000000000002,413.2399859867754,1604.760014013225,9.650517323499989e-4,19.8,19.80096505173235,0.1132719996,2.1536193642630944e-5,0.0010656073636379252,19.80106560736364,2.2729800394217367e-5
2018,136,0.01643646878289653,2.539798312160993e-187,0.09890423541447359,0,1,135,2.8476686035044425,0.1,1.5,1.0000000000000002,416.08765459027984,1601.9123454097205,8.829507108093844e-4,19.8,19.80088295071081,0.1132719996,2.017085149761958e-5,9.74960940335814e-4,19.800974960940337,2.1289507327102277e-5
2018,137,0.01643646878289653,2.539798312160993e-187,0.09890423541447359,0,1,136,2.8476686035044425,0.1,1.5,1.0000000000000002,418.93532319378426,1599.064676806216,8.078343694802452e-4,19.8,19.800807834369483,0.1132719996,1.889206871420465e-5,8.92044866008546e-4,19.80089204486601,1.9940873763145257e-5
2018,138,0.016445417643576234,1.8414581883332975e-187,0.09890363882376162,0,1,137,2.8492190210504083,0.10000000000000002,1.5,1.0000000000000002,421.7845422148347,1596.2154577851657,7.394397213988405e-4,19.8,19.8007394397214,0.1132719996,1.7702397251154468e-5,8.161924197316239e-4,19.80081619241973,1.867791549249221e-5
2018,139,0.016469014959858974,2.5448274170380117e-227,0.09890206566934281,0,1,138,2.853307328435219,0.1,1.5,1.0000000000000007,424.6378495432699,1593.3621504567304,6.77298500646445e-4,19.8,19.80067729850065,0.1132719996,1.6599365487866536e-5,7.467952387454372e-4,19.800746795238748,1.7495050951388875e-5
2018,140,0.016469014959858974,2.5448274170380117e-227,0.09890206566934281,0,1,139,2.853307328435219,0.1,1.5,1.0000000000000007,427.49115687170513,1590.5088431282952,6.195687712335768e-4,19.8,19.800619568771236,0.1132719996,1.554499003479949e-5,6.832983918171127e-4,19.800683298391817,1.638708045775505e-5
2018,141,0.016469014959858974,2.5448274170380117e-227,0.09890206566934281,0,1,140,2.853307328435219,0.1,1.5,1.0000000000000007,430.34446420014035,1587.65553579986,5.667596516476807e-4,19.8,19.800566759651648,0.1132719996,1.4557587478788987e-5,6.251958588018946e-4,19.800625195858803,1.5349166330364712e-5
2018,142,0.016469014959858974,2.5448274170380117e-227,0.09890206566934281,0,1,141,2.853307328435219,0.1,1.5,1.0000000000000007,433.1977715285756,1584.8022284714248,5.184517323173734e-4,19.8,19.80051845173232,0.1132719996,1.3632903766948487e-5,5.7202634399224e-4,19.800572026343993,1.437681260240269e-5
2018,143,0.016469014959858974,2.5448274170380117e-227,0.09890206566934281,0,1,142,2.853307328435219,0.1,1.5,1.0000000000000007,436.0510788570108,1581.9489211429895,4.742613521648293e-4,19.8,19.800474261352164,0.1132719996,1.276695505966753e-5,5.233693552708597e-4,19.800523369355272,1.3465843186458748e-5
2018,144,0.016469014959858974,2.5448274170380117e-227,0.09890206566934281,0,1,143,2.853307328435219,0.1,1.5,1.0000000000000007,438.904386185446,1579.0956138145543,4.338375515727164e-4,19.8,19.800433837551573,0.1132719996,1.1956010566929287e-5,4.788415052077044e-4,19.800478841505207,1.2612377964072037e-5
2018,145,0.016469014959858974,2.5448274170380117e-227,0.09890206566934281,0,1,144,2.853307328435219,0.1,1.5,1.0000000000000007,441.75769351388124,1576.242306486119,3.9685928506610267e-4,19.8,19.800396859285065,0.1132719996,1.1196576474849377e-5,4.3809302350841274e-4,19.80043809302351,1.1812807108103575e-5
2018,146,0.016469014959858974,2.5448274170380117e-227,0.09890206566934281,0,1,145,2.853307328435219,0.1,1.5,1.0000000000000007,444.61100084231646,1573.3889991576839,3.6303287157192114e-4,19.8,19.800363032871573,0.1132719996,1.048538089318069e-5,4.008044997400124e-4,19.80040080449974,1.1063764700897726e-5
2018,147,0.016469014959858974,2.5448274170380117e-227,0.09890206566934281,0,1,146,2.853307328435219,0.1,1.5,1.0000000000000007,447.4643081707517,1570.5356918292487,3.320896620065233e-4,19.8,19.800332089662007,0.1132719996,9.819359758944344e-6,3.6668389160822396e-4,19.80036668389161,1.0362103158883833e-5
2018,148,0.016469014959858974,2.5448274170380117e-227,0.09890206566934281,0,1,147,2.853307328435219,0.1,1.5,1.0000000000000007,450.3176154991869,1567.6823845008134,3.037839056669634e-4,19.8,19.80030378390567,0.1132719996,9.195643635443253e-6,3.354638340322092e-4,19.80033546383403,9.704870022942693e-6
2018,149,0.016469014959858974,2.5448274170380117e-227,0.09890206566934281,0,1,148,2.853307328435219,0.1,1.5,1.0000000000000007,453.1709228276221,1564.8290771723782,2.778907984809779e-4,19.8,19.800277890798483,0.1132719996,8.611545349791409e-6,3.068992704278213e-4,19.800306899270428,9.089288361031351e-6
2018,150,0.016469014959858974,2.5448274170380117e-227,0.09890206566934281,0,1,149,2.853307328435219,0.1,1.5,1.0000000000000007,456.02423015605734,1561.975769843943,2.5420469761508035e-4,19.8,19.800254204697616,0.1132719996,8.064548415695885e-6,2.8076540590694774e-4,19.80028076540591,8.512741474881125e-6
2018,151,0.016469014959858974,2.5448274170380117e-227,0.09890206566934281,0,1,150,2.853307328435219,0.1,1.5,1.0000000000000007,458.87753748449256,1559.1224625155078,2.3253748826086593e-4,19.8,19.800232537488263,0.1132719996,7.5522961916093995e-6,2.5685595907808996e-4,19.800256855959077,7.972761952329504e-6
2018,152,0.016477367645888946,1.8929965052377515e-227,0.09890150882360747,0,1,151,2.854754456895514,0.1,1.5,1.0000000000000007,461.7322919413881,1556.2677080586122,2.128058582667182e-4,19.8,19.80021280585827,0.1132719996,7.075574187900349e-6,2.349816700480223e-4,19.800234981670048,7.467024494862405e-6
2018,153,0.016501624865327073,2.549866369380033e-267,0.09889989167564493,0,1,152,2.858957094524963,0.1,1.5,1.0000000000000007,464.59124903591305,1553.4087509640872,1.9489421987834254e-4,19.8,19.800194894219878,0.11327199960000002,6.634055528105454e-6,2.149690103203268e-4,19.80021496901032,6.9933414805961995e-6
2018,154,0.016501624865327073,2.549866369380033e-267,0.09889989167564493,0,1,153,2.858957094524963,0.1,1.5,1.0000000000000007,467.450206130438,1550.549793869562,1.782509093272931e-4,19.8,19.80017825090933,0.11327199960000002,6.211859562302191e-6,1.9665903690023576e-4,19.8001966590369,6.549659966759641e-6
2018,155,0.016501624865327073,2.549866369380033e-267,0.09889989167564493,0,1,154,2.858957094524963,0.1,1.5,1.0000000000000007,470.30916322496296,1547.690836775037,1.6302888149192208e-4,19.8,19.800163028881492,0.11327199960000002,5.816532445091354e-6,1.7990633782863266e-4,19.800179906337828,6.134058826099825e-6
2018,156,0.016501624865327073,2.549866369380033e-267,0.09889989167564493,0,1,155,2.858957094524963,0.1,1.5,1.0000000000000007,473.1681203194879,1544.831879680512,1.4910676361098405e-4,19.8,19.800149106763612,0.11327199960000002,5.446364224026804e-6,1.6457802807557813e-4,19.800164578028077,5.744744938517649e-6
2018,157,0.016501624865327073,2.549866369380033e-267,0.09889989167564493,0,1,156,2.858957094524963,0.1,1.5,1.0000000000000007,476.02707741401287,1541.972922585987,1.363735477486095e-4,19.8,19.800136373547748,0.11327199960000002,5.0997537692395835e-6,1.5055277064436197e-4,19.800150552770646,5.380047765991337e-6
2018,158,0.016501624865327073,2.549866369380033e-267,0.09889989167564493,0,1,157,2.858957094524963,0.1,1.5,1.0000000000000007,478.8860345085378,1539.1139654914618,1.247277056731221e-4,19.8,19.800124727705676,0.11327199960000002,4.775201847893416e-6,1.377198145944903e-4,19.800137719814597,5.038412130471205e-6
2018,159,0.016501624865327073,2.549866369380033e-267,0.09889989167564493,0,1,158,2.858957094524963,0.1,1.5,1.0000000000000007,481.7449916030628,1536.2550083969368,1.1407637932217424e-4,19.8,19.800114076379323,0.11327199960000002,4.471304639385521e-6,1.259780561776908e-4,19.80012597805618,4.7183894802117984e-6
2018,160,0.016501624865327073,2.549866369380033e-267,0.09889989167564493,0,1,159,2.858957094524963,0.1,1.5,1.0000000000000007,484.6039486975877,1533.3960513024117,1.0433464039947353e-4,19.8,19.8001043346404,0.11327199960000002,4.186747663244874e-6,1.1523513885925666e-4,19.80011523513886,4.418628273792411e-6
2018,161,0.016501624865327073,2.549866369380033e-267,0.09889989167564493,0,1,160,2.858957094524963,0.1,1.5,1.0000000000000007,487.4629057921127,1530.5370942078866,9.542481319944631e-5,19.8,19.8000954248132,0.11327199960000002,3.920300093463428e-6,1.0540661152684507e-4,19.80010540661153,4.137864276574e-6
2018,162,0.016501624865327073,2.549866369380033e-267,0.09889989167564493,0,1,161,2.858957094524963,0.1,1.5,1.0000000000000007,490.32186288663763,1527.6781371133616,8.727585526038593e-5,19.8,19.80008727585526,0.11327199960000002,3.670809434667011e-6,9.641516208112953e-5,19.80009641516208,3.8749115449619985e-6
2018,163,0.016501624865327073,2.549866369380033e-267,0.09889989167564493,0,1,162,2.858957094524963,0.1,1.5,1.0000000000000007,493.1808199811626,1524.8191800188365,7.982279090776553e-5,19.8,19.80007982279091,0.11327199960000002,3.4371965370987246e-6,8.818993746324891e-5,19.800088189937465,3.628654704923823e-6
2018,164,0.016501624865327073,2.549866369380033e-267,0.09889989167564493,0,1,163,2.858957094524963,0.1,1.5,1.0000000000000007,496.03977707568754,1521.9602229243114,7.30061931710102e-5,19.8,19.800073006193173,0.11327199960000002,3.2184509288522948e-6,8.066595313726427e-5,19.80008066595314,3.3980428712492243e-6
2018,165,0.016501624865327073,2.549866369380033e-267,0.09889989167564493,0,1,164,2.858957094524963,0.1,1.5,1.0000000000000007,498.8987341702125,1519.1012658297864,6.677170994286081e-5,19.8,19.800066771709943,0.11327199960000002,3.013626445164808e-6,7.378358711869545e-5,19.80007378358712,3.182085265315422e-6
2018,166,0.016510284183612493,1.8740914590013877e-267,0.09889931438775923,0,1,165,2.8604573479635125,0.09999999999999999,1.5,1.0000000000000007,501.759191518176,1516.2408084818228,6.109598867198315e-5,19.8,19.800061095988674,0.1132719996,2.8230720232458297e-6,6.748814729491696e-5,19.800067488147295,2.979848325097481e-6
2018,167,0.016534298621245856,2.554915188030264e-307,0.0988977134252503,0,1,166,2.864617922901026,0.1,1.5,1.0000000000000002,504.623809441077,1513.3761905589217,5.5942806943474444e-5,19.8,19.800055942806946,0.1132719996,2.6465240221584812e-6,6.17294968514991e-5,19.800061729496854,2.7904539018803795e-6
2018,168,0.016534298621245856,2.554915188030264e-307,0.0988977134252503,0,1,167,2.864617922901026,0.1,1.5,1.0000000000000002,507.488427363978,1510.5115726360207,5.115643692435744e-5,19.8,19.800051156436925,0.1132719996,2.477774744662618e-6,5.646172137700233e-5,19.80005646172138,2.613078029662575e-6
2018,169,0.016534298621245856,2.554915188030264e-307,0.0988977134252503,0,1,168,2.864617922901026,0.1,1.5,1.0000000000000002,510.353045286879,1507.6469547131196,4.677958046402664e-5,19.8,19.800046779580466,0.1132719996,2.31978536143433e-6,5.1642822513430735e-5,19.800051642822513,2.446949746933572e-6
2018,170,0.016534298621245856,2.554915188030264e-307,0.0988977134252503,0,1,169,2.864617922901026,0.1,1.5,1.0000000000000002,513.2176632097801,1504.7823367902186,4.277720028910764e-5,19.8,19.80004277720029,0.1132719996,2.171869793538549e-6,4.7234426349224685e-5,19.80004723442635,2.291349540720601e-6
2018,171,0.016534298621245856,2.554915188030264e-307,0.0988977134252503,0,1,170,2.864617922901026,0.1,1.5,1.0000000000000002,516.0822811326811,1501.9177188673175,3.911725685487159e-5,19.8,19.800039117256855,0.1132719996,2.0333857082227063e-6,4.320149932815283e-5,19.800043201499328,2.1456071457048778e-6
2018,172,0.016534298621245856,2.554915188030264e-307,0.0988977134252503,0,1,171,2.864617922901026,0.1,1.5,1.0000000000000002,518.9468990555822,1499.0531009444164,3.577045186474233e-5,19.8,19.800035770451867,0.1132719996,1.9037317295472048e-6,3.951206930209581e-5,19.800039512069304,2.009098628132266e-6
2018,173,0.016534298621245856,2.554915188030264e-307,0.0988977134252503,0,1,172,2.864617922901026,0.1,1.5,1.0000000000000002,521.8115169784833,1496.1884830215154,3.2709993733839765e-5,19.8,19.800032709993733,0.1132719996,1.782344826871301e-6,3.613695352644396e-5,19.800036136953526,1.8812428706936865e-6
2018,174,0.016534298621245856,2.554915188030264e-307,0.0988977134252503,0,1,173,2.864617922901026,0.1,1.5,1.0000000000000002,524.6761349013843,1493.3238650986143,2.9911383119049718e-5,19.8,19.80002991138312,0.1132719996,1.668697869857156e-6,3.304949815581956e-5,19.800033049498158,1.7614977122626532e-6
2018,175,0.016534298621245856,2.554915188030264e-307,0.0988977134252503,0,1,174,2.864617922901026,0.1,1.5,1.0000000000000002,527.5407528242854,1490.4592471757132,2.7352216798775508e-5,19.8,19.800027352216798,0.1132719996,1.5622973393727443e-6,3.0225334827284015e-5,19.80003022533483,1.649356063406367e-6
2018,176,0.016534298621245856,2.554915188030264e-307,0.0988977134252503,0,1,175,2.864617922901026,0.1,1.5,1.0000000000000002,530.4053707471865,1487.5946292528122,2.50120083323979e-5,19.8,19.800025012008334,0.1132719996,1.4626811843537342e-6,2.764215935439508e-5,19.800027642159357,1.5443423133086646e-6
2018,177,0.016534298621245856,2.554915188030264e-307,0.0988977134252503,0,1,176,2.864617922901026,0.1,1.5,1.0000000000000002,533.2699886700875,1484.7300113299111,2.2872024063802665e-5,19.8,19.800022872024066,0.1132719996,1.3694168153171764e-6,2.527953588683747e-5,19.800025279535888,1.4460092819169148e-6
2018,178,0.016534298621245856,2.554915188030264e-307,0.0988977134252503,0,1,177,2.864617922901026,0.1,1.5,1.0000000000000002,536.1346065929886,1481.86539340701,2.0915133156163337e-5,19.8,19.800020915133157,0.1132719996,1.2820992258145941e-6,2.3118727766089e-5,19.80002311872777,1.353935878550629e-6
2018,179,0.016534298621245856,2.554915188030264e-307,0.0988977134252503,0,1,178,2.864617922901026,0.1,1.5,1.0000000000000002,538.9992245158896,1479.000775484109,1.9125670457488777e-5,19.8,19.80001912567046,0.1132719996,1.200349233665323e-6,2.114255434350586e-5,19.800021142554343,1.2677255327965822e-6
2018,180,0.016544170876471743,1.78446543649849e-307,0.09889705527490192,0,1,179,2.8663283213828334,0.1,1.5000000000000002,1.0000000000000002,541.8655528372725,1476.1344471627262,1.7497896538486698e-5,19.8,19.80001749789654,0.1132719996,1.1243712115234558e-6,1.933527166959232e-5,19.80001933527167,1.1870053892321448e-6
2018,181,0.016567036349782436,0,0.0988955309100145,0,1,180,2.870289834729233,0.1,1.5,0.9999999999999999,544.7358426720017,1473.264157327997,1.60181282819642e-5,19.8,19.800016018128282,0.1132719996,1.0538494805411699e-6,1.768247441822621e-5,19.80001768247442,1.1114262200806395e-6
2018,182,0.016567036349782436,0,0.0988955309100145,0,1,181,2.870289834729233,0.1,1.5,0.9999999999999999,547.6061325067309,1470.3938674932679,1.4645051099958056e-5,19.8,19.8000146450511,0.1132719996,9.865245833004995e-7,1.6171016606222062e-5,19.80001617101661,1.040663012363644e-6
2018,183,0.016567036349782436,0,0.0988955309100145,0,1,182,2.870289834729233,0.1,1.5,0.9999999999999999,550.4764223414601,1467.5235776585387,1.3389674370499059e-5,19.8,19.800013389674373,0.1132719996,9.235007194352102e-7,1.4788949228799416e-5,19.80001478894923,9.744162133137958e-7
2018,184,0.016567036349782436,0,0.0988955309100145,0,1,183,2.870289834729233,0.1,1.5,0.9999999999999999,553.3467121761893,1464.6532878238095,1.2241908787092795e-5,19.8,19.80001224190879,0.1132719996,8.645031185579166e-7,1.352547317101341e-5,19.800013525473172,9.12413631883806e-7
2018,185,0.016567036349782436,0,0.0988955309100145,0,1,184,2.870289834729233,0.1,1.5,0.9999999999999999,556.2170020109185,1461.7829979890803,1.1192529900629248e-5,19.8,19.8000111925299,0.1132719996,8.092745639153065e-7,1.2370904798798671e-5,19.8000123709048,8.544129374225696e-7
2018,186,0.016567036349782436,0,0.0988955309100145,0,1,185,2.870289834729233,0.1,1.5,0.9999999999999999,559.0872918456477,1458.912708154351,1.0233103983633704e-5,19.8,19.800010233103983,0.1132719996,7.575742709786623e-7,1.1316648747398917e-5,19.80001131664875,8.002045098277116e-7
2018,187,0.016567036349782436,0,0.0988955309100145,0,1,186,2.870289834729233,0.1,1.5,0.9999999999999999,561.9575816803768,1456.042418319622,9.355920249448944e-6,19.8,19.80000935592025,0.1132719996,7.091768376756961e-7,1.0355167591979138e-5,19.800010355167593,7.496140563553218e-7
2018,188,0.016567036349782436,0,0.0988955309100145,0,1,187,2.870289834729233,0.1,1.5,0.9999999999999999,564.827871515106,1453.1721284848927,8.55392888160278e-6,19.8,19.800008553928883,0.1132719996,6.638712616863589e-7,9.479932639509304e-6,19.80000947993264,7.025039827688743e-7
2018,189,0.016567036349782436,0,0.0988955309100145,0,1,188,2.870289834729233,0.1,1.5,0.9999999999999999,567.6981613498352,1450.3018386501635,7.82068437531069e-6,19.8,19.800007820684375,0.1132719996,6.214600205182792e-7,8.685336947381115e-6,19.800008685336948,6.587721729644168e-7
2018,190,0.016567036349782436,0,0.0988955309100145,0,1,189,2.870289834729233,0.1,1.5,0.9999999999999999,570.5684511845644,1447.4315488154343,7.150293735756232e-6,19.8,19.800007150293737,0.1132719996,5.81758210351681e-7,7.966554602051515e-6,19.800007966554602,6.183468614419629e-7
2018,191,0.016567036349782436,0,0.0988955309100145,0,1,190,2.870289834729233,0.1,1.5,0.9999999999999999,573.4387410192936,1444.5612589807051,6.537369116825374e-6,19.8,19.800006537369118,0.1132719996,5.445927398987931e-7,7.319341808583662e-6,19.80000731934181,5.811769084427378e-7
2018,192,0.016567036349782436,0,0.0988955309100145,0,1,191,2.870289834729233,0.1,1.5,0.9999999999999999,576.3090308540228,1441.690969145976,5.976984519657955e-6,19.8,19.80000597698452,0.1132719996,5.098015757631997e-7,6.739794162549955e-6,19.800006739794163,5.47218011464839e-7
2018,193,0.016567036349782436,0,0.0988955309100145,0,1,192,2.870289834729233,0.1,1.5,0.9999999999999999,579.179320688752,1438.8206793112467,5.464636203008049e-6,19.8,19.800005464636204,0.1132719996,4.77233036009504e-7,6.224094270511494e-6,19.800006224094272,5.164168532917519e-7
2018,194,0.016579031354176946,0,0.0988947312430549,0,1,193,2.8723680060119046,0.1,1.5,1.0000000000000002,582.0516886947639,1435.948311305235,4.999179373890814e-6,19.8,19.800004999179375,0.1132719996,4.470146753721376e-7,5.768295360957135e-6,19.80000576829536,4.886962622634508e-7
2018,195,0.016599838173326345,0,0.09889334412177826,0,1,194,2.8759728512139464,0.1,1.5,1.0000000000000002,584.9276615459779,1433.072338454021,4.575064900204e-6,19.8,19.8000045750649,0.1132719996,4.1887478091642847e-7,5.368182604115638e-6,19.800005368182603,4.639445618317829e-7
2018,196,0.016599838173326345,0,0.09889334412177826,0,1,195,2.8759728512139464,0.1,1.5,1.0000000000000002,587.8036343971919,1430.1963656028072,4.182147269715129e-6,19.8,19.80000418214727,0.1132719996,3.920638257984136e-7,5.01923464178606e-6,19.800005019234643,4.4201126187450365e-7
2018,197,0.016599838173326345,0,0.09889334412177826,0,1,196,2.8759728512139464,0.1,1.5,1.0000000000000002,590.6796072484059,1427.3203927515933,3.822974354922285e-6,19.8,19.800003822974357,0.1132719996,3.6696896185391615e-7,4.716681254674362e-6,19.800004716681254,4.227095097603977e-7
2018,198,0.016599838173326345,0,0.09889334412177826,0,1,197,2.8759728512139464,0.1,1.5,1.0000000000000002,593.5555800996199,1424.4444199003794,3.494648078088612e-6,19.8,19.800003494648077,0.1132719996,3.4348034708354465e-7,4.455630312169187e-6,19.80000445563031,4.0582401621822123e-7
2018,199,0.016599838173326345,0,0.09889334412177826,0,1,198,2.8759728512139464,0.1,1.5,1.0000000000000002,596.4315529508339,1421.5684470491656,3.194519255396946e-6,19.8,19.800003194519256,0.1132719996,3.214951701544649e-7,4.231226122040862e-6,19.800004231226122,3.9112213086218866e-7
2018,200,0.016599838173326345,0,0.09889334412177826,0,1,199,2.8759728512139464,0.1,1.5,1.0000000000000002,599.3075258020478,1418.6924741979517,2.9201662213392877e-6,19.8,19.80000292016622,0.1132719996,3.0091720038791073e-7,4.038803316484478e-6,19.800004038803316,3.783655832479255e-7
2018,201,0.016599838173326345,0,0.09889334412177826,0,1,200,2.8759728512139464,0.1,1.5,1.0000000000000002,602.1834986532618,1415.8165013467378,2.669375288893371e-6,19.8,19.80000266937529,0.1132719996,2.816563665506773e-7,3.8740111974114e-6,19.8000038740112,3.673209350470347e-7
